{
  "project_info": {
    "project_number": "550462385855",
    "project_id": "oysterrecoverypartnershi-f47db",
    "storage_bucket": "oysterrecoverypartnershi-f47db.appspot.com"
  },
  "client": [
    {
      "client_info": {
        "mobilesdk_app_id": "1:550462385855:android:a816e0f5a5a7d6a9a0a00a",
        "android_client_info": {
          "package_name": "com.example.oysterrecoveryproject"
        }
      },
      "oauth_client": [
        {
          "client_id": "550462385855-e2isr3m6utv7cbcanmf3159p827pp2pv.apps.googleusercontent.com",
          "client_type": 3
        }
      ],
      "api_key": [
        {
          "current_key": "AIzaSyDf9gmhwpUh5vJg5BvBQYHfU1PMBBVuROA"
        }
      ],
      "services": {
        "appinvite_service": {
          "other_platform_oauth_client": [
            {
              "client_id": "550462385855-e2isr3m6utv7cbcanmf3159p827pp2pv.apps.googleusercontent.com",
              "client_type": 3
            }
          ]
        }
      }
    }
  ],
  "configuration_version": "1"
}